Video Name,Frame Number,Caption
seg2,0,a group of people standing around hot air balloons
seg2,10,hot air balloons in the sky
seg2,20,hot air balloons in the sky
seg2,30,hot air balloons in the desert
seg2,40,hot air balloons in the desert
seg2,50,hot air balloons in the sky
seg2,60,hot air balloons in the sky
seg2,70,hot air balloons in the sky
seg2,80,hot air balloons in the sky
seg2,90,hot air balloons in the sky
seg2,100,hot air balloons in the sky
seg2,110,hot air balloons in the sky
seg2,120,hot air balloons in the sky
seg2,130,hot air balloons at the albuquerque balloon festival
seg2,140,hot air balloons in the sky
seg2,150,hot air balloons in the sky
seg2,160,hot air balloons in the sky
seg2,170,hot air balloons in the sky
seg2,180,a bunch of hot air balloons flying in the sky
seg2,190,hot air balloons in the sky
seg2,200,hot air balloons in the sky
seg2,210,hot air balloons in the sky
seg2,220,hot air balloons in the sky
seg2,230,hot air balloon festival
seg2,240,a group of hot air balloons flying in the sky
seg2,250,a bunch of balloons flying in the sky
seg2,260,a group of hot air balloons flying in the sky
seg2,270,hot air balloon festival
seg2,280,a man is pouring beer into a glass
seg2,290,a man is pouring beer into a glass
seg2,300,a man is pouring beer into a glass
seg2,310,a man is holding a bottle of beer
seg2,320,a man is standing in front of a table with beer bottles
seg2,330,a man holding a bottle of beer
seg2,340,a man standing in front of a table with bottles of beer
seg2,350,a man standing in front of a bunch of beer bottles
seg2,360,a man standing in front of a bunch of bottles
seg2,370,a man standing in front of a bunch of bottles
seg2,380,a man in a white shirt
seg2,390,a man is standing in front of a white wall
seg2,400,a man holding a white sheet
seg2,410,a man in a black shirt
seg2,420,a man holding a white sheet
seg2,430,a man in a white robe
seg2,440,a man in a white shirt and black shirt
seg2,450,a man in a white shirt
seg2,460,a man in a white shirt pointing at something
seg2,470,a man in a white shirt pointing at something
seg2,480,a man pointing at something
seg2,490,a man pointing at another man in a room
seg2,500,a man pointing at something
seg2,510,a man pointing at something
seg2,520,a man pointing at another man
seg2,530,a man pointing at another man
seg2,540,a bottle of beer
seg2,550,a bottle of beer
seg2,560,a bottle of beer
seg2,570,a bottle of beer
seg2,580,a bottle of beer
seg2,590,a bottle of beer
seg2,600,a bottle of beer
seg2,610,a man pointing at something
seg2,620,a man pointing at another man
seg2,630,a man in a white shirt
seg2,640,a man in a white shirt
seg2,650,a man in a white shirt
seg2,660,a man in a white shirt
seg2,670,a man is brushing his teeth in a mirror
seg2,680,a man wearing a white shirt
seg2,690,a man in a white shirt
seg2,700,a man in a white shirt and tie standing next to a woman
seg2,710,a man in a white shirt and tie standing next to a woman
seg2,720,a man in a white shirt and a woman in a black shirt
seg2,730,a man in a white shirt and tie standing in front of a mirror
seg2,740,a man in a white shirt and black pants
seg2,750,a man in a white shirt is standing in front of a mirror
seg2,760,a man in a white shirt pointing at something
seg2,770,a man in a white shirt pointing at something
seg2,780,a man in a white shirt pointing at something
seg2,790,a man with a hat on
seg2,800,a man with a black shirt
seg2,810,a man with a beard
seg2,820,a man in a suit
seg2,830,a man with a black jacket
seg2,840,a man in a black jacket
seg2,850,a man in a black jacket
seg2,860,watch and share the first trailer for < - - - - - - - - - - -
seg2,870,a man with a beard
seg2,880,a woman with a surprised expression
seg2,890,a man with a beard
seg2,900,a man in a black shirt and a woman in a white shirt
seg2,910,a man with a beard and a shirt
seg2,920,a man with a beard and a tie
seg2,930,a man in a suit and tie looking at something
seg2,940,a man with a blue shirt
seg2,950,a man with red hair and a blue shirt
seg2,960,a woman with red hair and a blue shirt
seg2,970,a man with red hair and a black jacket
seg2,980,a man with a black shirt
seg2,990,a man with a surprised look on his face
seg2,1000,a man with a suit and tie is looking at something
seg2,1010,a man with a tie and a suit
seg2,1020,a man in a suit and tie is looking at something
seg2,1030,a young boy with a tie around his neck
seg2,1040,a woman with a black shirt
seg2,1050,a man with a beard and a suit
seg2,1060,a woman with long hair and a black shirt
seg2,1070,a woman with red hair and a blue shirt
seg2,1080,a man in a white shirt
seg2,1090,a man in a white shirt and tie
seg2,1100,a man in a white shirt
seg2,1110,a man and woman are kissing in a room
seg2,1120,a man in a white shirt and tie
seg2,1130,a man in a white shirt and tie
seg2,1140,a man and woman are kissing in a room
seg2,1150,a man and woman are kissing in a room
seg2,1160,a man and woman kissing in a room
seg2,1170,a man and woman are kissing in a room
seg2,1180,a man and woman kissing in a room
seg2,1190,a man in a white shirt
seg2,1200,a man in a baseball uniform is talking to another man
seg2,1210,a man in a white shirt is looking at something
seg2,1220,a man in a white shirt is looking at something
seg2,1230,a man in a white shirt is looking at something
seg2,1240,a man in a white shirt is talking to another
seg2,1250,a man in a white shirt is looking at something
seg2,1260,a man in a white shirt
seg2,1270,a man with a white shirt
seg2,1280,a man in a white shirt and a woman in a blue shirt
seg2,1290,a man in a white shirt and tie
seg2,1300,a man in a white shirt
seg2,1310,a man in a white shirt
seg2,1320,a man in a baseball uniform is looking at something
seg2,1330,a man in a baseball uniform is looking at something
seg2,1340,a man with a beard
seg2,1350,a man sitting down
seg2,1360,a man in a white shirt
seg2,1370,a man in a white shirt
seg2,1380,a man with a beard
seg2,1390,a man in a white shirt and a woman in a white shirt
seg2,1400,a man in a white shirt and tie standing in front of a door
seg2,1410,a man in a white shirt
seg2,1420,a man in a white shirt
seg2,1430,a man in a white shirt and black pants
seg2,1440,a man in a white shirt
seg2,1450,a man in a white shirt and black pants
seg2,1460,a man with a beard
seg2,1470,a man in a white shirt standing next to a woman
seg2,1480,a man in a white shirt
seg2,1490,a man in a white shirt and a woman in a black dress
seg2,1500,a man in a white shirt standing next to a woman
seg2,1510,a man in a white shirt standing next to a woman
seg2,1520,a man in a white shirt and a woman in a black dress
seg2,1530,a man in a white shirt standing in front of a mirror
seg2,1540,a man in a white shirt standing in front of a mirror
seg2,1550,a man in a gray shirt standing in front of a door
seg2,1560,a man in a gray shirt standing in front of a mirror
seg2,1570,a man in a white shirt standing in front of a mirror
seg2,1580,a man in a white shirt standing in front of a mirror
seg2,1590,a man in a gray shirt standing in front of a door
seg2,1600,a man in a grey shirt standing in a room
seg2,1610,watch and share the first trailer for <vald
seg2,1620,a man in a white shirt standing in front of a door
seg2,1630,a man in a white shirt
seg2,1640,a man in a white shirt
seg2,1650,a man in a gray shirt and a woman in a white shirt
seg2,1660,a man in a gray shirt
seg2,1670,a man and woman standing in a room
seg2,1680,a man and woman standing in a room
seg2,1690,a man and woman standing in front of a door
seg2,1700,a man and woman standing in a room
seg2,1710,a man with a beard and a white shirt
seg2,1720,a man and woman standing in a room
seg2,1730,a man and woman standing next to each other people
seg2,1740,a man and woman standing in front of a mirror
seg2,1750,a man in a white shirt standing next to a woman
seg2,1760,a man and woman standing in a room
seg2,1770,a man and woman standing in a room
seg2,1780,a man in a white shirt standing next to a woman
seg2,1790,a man in a white shirt standing next to a woman
seg2,1800,a man and woman standing in front of a mirror
seg2,1810,a man in a white shirt
seg2,1820,a man and woman standing in front of a mirror
seg2,1830,a man in a white shirt and a woman in a black shirt
seg2,1840,a man in a white shirt standing next to a woman
seg2,1850,a man and woman standing in front of a door
seg2,1860,a man and woman are standing in a room
seg2,1870,a man and woman standing next to each other man
seg2,1880,a man with a beard and a shirt
seg2,1890,a man with a beard and a shirt
seg2,1900,a man with a beard and a black shirt
seg2,1910,a man with a beard and a black shirt
seg2,1920,a man with a white shirt
seg2,1930,a man in a white shirt
seg2,1940,a man and woman are standing in a room
seg2,1950,a man and woman are standing in a room
seg2,1960,a man and woman are talking in a room
seg2,1970,a man in a white shirt is smiling
seg2,1980,a man in a grey shirt is smiling
seg2,1990,a man in a white shirt is smiling
seg2,2000,a man in a uniform smiling at the camera
seg2,2010,a man in a white shirt is smiling
seg2,2020,a man in a white shirt is looking at something
seg2,2030,a man in a white shirt is smiling
seg2,2040,a man in a white shirt is smiling
seg2,2050,a man in a white shirt smiling and looking at the camera
seg2,2060,a man in a white shirt is smiling
seg2,2070,a man with a white shirt
seg2,2080,a man with a white shirt
seg2,2090,a man with a white shirt
seg2,2100,a man with a white shirt
seg2,2110,a man in a hospital bed
seg2,2120,a woman in a hospital bed
seg2,2130,a woman in a hospital bed
seg2,2140,a woman in a hospital bed with a man in a green shirt
seg2,2150,a man in a hospital bed with a woman
seg2,2160,a woman in a hospital bed with a man in a green shirt
seg2,2170,a man in a hospital bed with a woman
seg2,2180,a man in a hospital bed with a woman
seg2,2190,a man in a hospital bed with a woman
seg2,2200,a woman in a hospital bed with a man in a green shirt
seg2,2210,a woman in a hospital bed with a man in the background
seg2,2220,a woman in a hospital bed
seg2,2230,a woman in a hospital bed with a nurse
seg2,2240,a woman in a hospital bed
seg2,2250,a woman in a hospital bed with a child
seg2,2260,a woman in a hospital bed
seg2,2270,a woman laying on a bed with a man in the background
seg2,2280,a woman laying on a bed with a nurse
seg2,2290,a woman laying on a bed
seg2,2300,a woman in a hospital bed with a child
seg2,2310,a woman in a hospital bed
seg2,2320,a woman laying on a bed
seg2,2330,a woman laying on a bed
seg2,2340,a woman is laying in a hospital bed
seg2,2350,a woman in a hospital bed with a man in a green shirt
seg2,2360,a woman in a hospital bed
seg2,2370,a man is being treated by a nurse
seg2,2380,a man in a hospital bed with a patient
seg2,2390,a man laying on a bed
seg2,2400,a man laying on a bed with a nurse
seg2,2410,a man laying on a bed with a woman in the background
seg2,2420,a man laying on a bed with a woman in the background
seg2,2430,a man laying on a bed
seg2,2440,a man laying on a bed with a cat
seg2,2450,a man laying on a bed with a nurse
seg2,2460,a man laying on a bed with a nurse
seg2,2470,a man laying on a bed
seg2,2480,a man laying on a bed with a woman in a hospital room
seg2,2490,a man laying on a bed with a nurse
seg2,2500,a man laying on a bed with a woman
seg2,2510,a man in a hospital bed with a woman
seg2,2520,a woman sitting on a park bench in the fall
seg2,2530,a woman sitting on a park bench in the fall
seg2,2540,a woman sitting on a bench in the park
seg2,2550,a woman in a blue dress is sitting on a bench
seg2,2560,a woman sitting on a bench in the park
seg2,2570,a woman sitting on a bench in the park
seg2,2580,a woman talking on a cell phone in the park
seg2,2590,a woman sitting on a bench talking on a cell
seg2,2600,a woman sitting on a bench talking on a cell
seg2,2610,a woman sitting on a bench talking on a cell
seg2,2620,a woman sitting on a bench talking on a cell
seg2,2630,a woman is sitting on a bench talking on a cell
seg2,2640,a woman is sitting on a bench in the park
seg2,2650,a woman is talking on a cell phone
seg2,2660,a woman is sitting on a bench in the park
seg2,2670,a woman sitting on a bench talking on a cell
seg2,2680,a woman sitting on a bench talking on a cell
seg2,2690,a woman is talking on her cell phone
seg2,2700,a woman is talking on her cell phone
seg2,2710,a woman sitting on a bench talking on a cell
seg2,2720,a woman sitting on a bench talking on a cell
seg2,2730,a woman sitting on a bench talking on a cell
seg2,2740,a woman sitting on a bench talking on a cell
seg2,2750,a woman sitting on a bench talking on a cell phone
seg2,2760,a woman sitting on a bench talking on a cell phone
seg2,2770,a woman sitting on a bench talking on a cell
seg2,2780,a woman sitting on a bench talking on a cell
seg2,2790,a woman sitting on a bench talking on a cell phone
seg2,2800,a woman sitting on a bench talking on a cell
seg2,2810,a woman sitting on a bench talking on a cell
seg2,2820,a woman sitting on a bench talking on a cell phone
seg2,2830,a woman sitting on a bench talking on a cell
seg2,2840,a woman sitting on a bench drinking from a cup
seg2,2850,a woman is drinking from a cup in the park
seg2,2860,a woman is drinking from a cup in the park
seg2,2870,a woman is drinking from a cup on a bench
seg2,2880,a woman is sitting on a bench and drinking from a cup
seg2,2890,a woman is sitting on a bench and drinking from a cup
seg2,2900,a woman sitting on a bench drinking from a cup
seg2,2910,a woman sitting on a bench drinking from a cup
seg2,2920,a woman sitting on a bench talking on a cell
seg2,2930,a black and white photo of a man in a suit
seg2,2940,a black background with a white and red light
seg2,2950,a black background with a small white dot
seg2,2960,a red light shining in the dark sky
seg2,2970,a fire in the dark
seg2,2980,a fire is lit up in the dark
seg2,2990,a fire is seen in the dark sky
seg2,3000,a fire burning in the dark
seg2,3010,a fire is seen in the dark sky
seg2,3020,a fireball is seen in the dark
seg2,3030,a fireball is seen in this image
seg2,3040,a large explosion of fire in the air
seg2,3050,a large explosion of fire in the air
seg2,3060,a large explosion of fire
seg2,3070,a close up of a fireball on a black background
seg2,3080,a large explosion of fire
seg2,3090,a red explosion with a black background
seg2,3100,a large orange fire is shown in the dark
seg2,3110,a red fire is shown in this image
seg2,3120,a red fire is shown in this image
seg2,3130,a red fire is shown in this image
seg2,3140,a red fire is shown in this image
seg2,3150,a red substance is seen in this image
seg2,3160,a red fire is seen in this image
seg2,3170,a red fire is seen in this image
seg2,3180,a red fire is burning in the dark
seg2,3190,a red fire is seen in this image
seg2,3200,a red fire is lit up in the dark
seg2,3210,a red fire is burning in the dark
seg2,3220,a large fire is burning in the dark
seg2,3230,a red fire is seen in this image
seg2,3240,a red heart is shown in the dark
seg2,3250,a red substance is seen in this image
seg2,3260,a red substance is seen in this image
seg2,3270,a red substance is seen in this image
seg2,3280,a red blood blood stain is seen in this image
seg2,3290,a large red cloud is seen in the sky
seg2,3300,a red and black background with a black background
seg2,3310,a red and black background with a black background
seg2,3320,a red and black background with a black background
seg2,3330,a red fire in the dark
seg2,3340,a red fire in the dark
seg2,3350,a fireplace with a christmas tree in the background
seg2,3360,a christmas tree in a living room with a fireplace
seg2,3370,a living room with a christmas tree and fireplace
seg2,3380,a christmas tree in a living room with a fireplace
seg2,3390,a christmas tree is in the corner of a living room
seg2,3400,a christmas tree in a living room with a fireplace
seg2,3410,a christmas tree in a living room with a fireplace
seg2,3420,a christmas tree in a living room with a fireplace
seg2,3430,a christmas tree in a living room with a fireplace
seg2,3440,a christmas tree in a living room with a fireplace
seg2,3450,a christmas tree in a living room with a fireplace
seg2,3460,a christmas tree in a living room with a fireplace
seg2,3470,a christmas tree in a living room with a fireplace
seg2,3480,a christmas tree in a living room with a fireplace
seg2,3490,a christmas tree in a living room with a fireplace
seg2,3500,a christmas tree in a living room with a fireplace
seg2,3510,a christmas tree in a living room with a fireplace
seg2,3520,a christmas tree in a living room with a fireplace
seg2,3530,a christmas tree in a living room with a fireplace
seg2,3540,a christmas tree in a living room with a fireplace
seg2,3550,a christmas tree in a living room with a fireplace
seg2,3560,a christmas tree in a living room with a fireplace
seg2,3570,a christmas tree in a living room with a fireplace
seg2,3580,a christmas tree in a living room with a fireplace
seg2,3590,a christmas tree in a living room with a fireplace
seg2,3600,a christmas tree in a living room with a fireplace
seg2,3610,a christmas tree in a living room with a fireplace
seg2,3620,a christmas tree in a living room with a fireplace
seg2,3630,a christmas tree in a living room with a fireplace
seg2,3640,a christmas tree in a living room with presents
seg2,3650,a christmas tree in a living room with a fireplace
seg2,3660,a christmas tree in a living room with presents
seg2,3670,a christmas tree in a living room with presents
seg2,3680,a christmas tree in a living room with presents
seg2,3690,a christmas tree in a living room with presents
seg2,3700,a christmas tree in a living room with presents
seg2,3710,a christmas tree in a living room with presents
seg2,3720,a christmas tree is in the corner of a living room
seg2,3730,a christmas tree is in the corner of a living room
seg2,3740,a christmas tree in a living room with presents
seg2,3750,a christmas tree in a living room with presents
seg2,3760,a christmas tree in a living room with presents
seg2,3770,a christmas tree in a living room with presents
seg2,3780,a christmas tree in a living room with presents
seg2,3790,a christmas tree in a living room with presents
seg2,3800,a christmas tree in a living room with presents
seg2,3810,a christmas tree in a living room with presents
seg2,3820,a christmas tree in a living room with presents
seg2,3830,a christmas tree in a living room with presents
seg2,3840,a christmas tree in a living room with presents
seg2,3850,a christmas tree with presents and presents in it
seg2,3860,a woman standing in a room with a ceiling fan
seg2,3870,a woman in a blue dress is walking through a room
seg2,3880,a woman in a blue dress is walking through a house
seg2,3890,a woman in a blue dress standing in a room
seg2,3900,a woman in a blue bikini is standing in a kitchen
seg2,3910,a woman in a blue dress standing in a kitchen
seg2,3920,a woman in a blue dress standing in a room
seg2,3930,a woman in a blue bikini is walking through a kitchen
seg2,3940,a woman in a blue skirt is walking through a kitchen
seg2,3950,a woman in a blue bikini is walking through a kitchen
seg2,3960,a woman in a blue dress is walking through a kitchen
seg2,3970,a woman in a blue skirt standing in a kitchen
seg2,3980,a woman in a blue dress standing in a kitchen
seg2,3990,a woman in a blue skirt standing in a kitchen
seg2,4000,a woman in a blue dress standing in a kitchen
seg2,4010,a woman in a blue dress standing in a kitchen
seg2,4020,a woman standing in a kitchen with a knife
seg2,4030,a woman in a gray tank top
seg2,4040,a woman in a blue tank top is standing in a kitchen
seg2,4050,a woman in a gray tank top is standing in a kitchen
seg2,4060,a woman standing in a kitchen with a knife
seg2,4070,a woman standing in a kitchen with a knife
seg2,4080,a woman standing in a kitchen with oranges
seg2,4090,a woman standing in a kitchen with oranges
seg2,4100,a woman standing in a kitchen
seg2,4110,a woman standing in a kitchen with oranges
seg2,4120,a woman standing in a kitchen with an orange
seg2,4130,a woman standing in a kitchen with an orange
seg2,4140,a woman standing in a kitchen with an orange
seg2,4150,a woman standing in a kitchen with a glass of orange juice
seg2,4160,a woman standing in a kitchen with oranges
seg2,4170,a woman standing in a kitchen with oranges
seg2,4180,a woman standing in a kitchen with a knife
seg2,4190,a woman in a white dress is standing in a kitchen
seg2,4200,a woman in a white tank top
seg2,4210,a woman standing in a kitchen with a bowl of fruit
seg2,4220,a woman standing in a kitchen with a bowl of oranges
seg2,4230,a woman standing in a kitchen with a knife
seg2,4240,a woman standing in a kitchen with a glass door
seg2,4250,a woman standing in a kitchen with a sink
seg2,4260,a woman in a white tank top and blue shorts
seg2,4270,a woman standing in a kitchen with a glass door
seg2,4280,a woman in a white tank top and blue shorts
seg2,4290,a woman in a white tank top and blue shorts
seg2,4300,a woman in a white tank top and blue shorts
seg2,4310,a woman in a blue shorts standing in a kitchen
seg2,4320,a woman in a blue shorts is standing in a kitchen
seg2,4330,a woman in a white coat holding a dog
seg2,4340,a woman in a white coat is holding a dog
seg2,4350,a woman in a white coat is holding a dog
seg2,4360,a woman in a white coat holding a dog
seg2,4370,a woman in a white coat holding a dog
seg2,4380,a woman in a white coat holding a dog
seg2,4390,a woman in a white shirt is holding a dog
seg2,4400,a woman in a white shirt is holding a dog
seg2,4410,a woman in a white shirt is holding a dog
seg2,4420,a woman in a white shirt is holding a dog
seg2,4430,a woman in a white shirt is holding a dog
seg2,4440,a woman in a white shirt is holding a dog
seg2,4450,a woman in a white coat is holding a dog
seg2,4460,a woman in a white coat is holding a dog
seg2,4470,a woman in a white coat is petting a dog
seg2,4480,a woman in a white coat is petting a dog
seg2,4490,a woman in a white coat is petting a dog
seg2,4500,a woman in a white coat is petting a dog
seg2,4510,a woman in a white coat is petting a dog
seg2,4520,a woman in a white coat is holding a dog
seg2,4530,a woman in a white lab coat is petting a dog
seg2,4540,a woman in a white lab coat is petting a dog
seg2,4550,a woman in a white lab coat is petting a dog
seg2,4560,a woman in a white coat is holding a dog
seg2,4570,a woman in a white coat is petting a dog
seg2,4580,a woman in a white coat is petting a dog
seg2,4590,a woman in a lab coat is petting a dog
seg2,4600,a woman in a white coat is holding a dog
seg2,4610,a woman in a white coat is petting a dog
seg2,4620,a woman in a white coat is petting a dog
seg2,4630,a woman in a white coat is petting a dog
seg2,4640,a woman in a white coat is petting a dog
seg2,4650,a woman in a white lab coat is petting a dog
seg2,4660,a woman in a white lab coat is petting a dog
seg2,4670,a woman in a white coat is petting a dog
seg2,4680,a woman in a white lab coat is petting a dog
seg2,4690,a woman in a white lab coat is holding a dog
seg2,4700,a woman in a white lab coat is holding a dog
seg2,4710,a woman in a white lab coat is petting a dog
seg2,4720,a woman in a white lab coat is petting a dog
seg2,4730,a woman in a white lab coat is petting a dog
seg2,4740,a woman in a white lab coat is petting a dog
seg2,4750,a woman in a white coat is holding a dog
seg2,4760,a woman in a white coat is petting a dog
seg2,4770,a woman in a white coat is petting a dog
seg2,4780,a woman in a white coat is petting a dog
seg2,4790,a woman in a white coat is petting a dog
seg2,4800,a woman in a white coat is petting a dog
seg2,4810,a woman in a white coat is petting a dog
seg2,4820,a woman in a white lab coat is petting a dog
seg2,4830,a woman in a white coat is petting a dog
seg2,4840,a woman in a white coat holding a dog
seg2,4850,a woman in a white coat is petting a dog
seg2,4860,a woman in a white coat holding a dog
seg2,4870,a woman in a white lab coat holding a dog
seg2,4880,a woman in a white lab coat holding a dog
seg2,4890,a woman in a white lab coat is petting a dog
seg2,4900,a woman in a white lab coat is petting a dog
seg2,4910,a woman in a white coat is holding a dog
seg2,4920,a woman in a white lab coat is petting a dog
seg2,4930,a woman in a white coat is holding a dog
seg2,4940,a woman in a white coat is holding a dog
seg2,4950,a woman in a white coat is petting a dog
seg2,4960,a woman in a white coat is holding a dog
seg2,4970,a woman in a white coat holding a dog
seg2,4980,a woman in a white coat holding a dog
seg2,4990,a woman in a white lab coat holding a dog
seg2,5000,a woman in a white coat is petting a dog
seg2,5010,a woman in a white lab coat is petting a dog
seg2,5020,a woman in a white lab coat is petting a dog
seg2,5030,a woman in a white lab coat is petting a dog
seg2,5040,a woman in a white coat is petting a dog
seg2,5050,a woman in a white lab coat is petting a dog
seg2,5060,a woman in a white coat is petting a dog
seg2,5070,a woman in a white coat is petting a dog
seg2,5080,a woman in a white coat is petting a dog
seg2,5090,a woman in a white coat is petting a dog
seg2,5100,a woman in a white coat is petting a dog
seg2,5110,a woman in a white coat is petting a dog
seg2,5120,a woman in a white coat is petting a dog
seg2,5130,a woman in a white coat is petting a dog
seg2,5140,a woman in a white coat is petting a dog
seg2,5150,a woman in a white lab coat is petting a dog
seg2,5160,a dog laying on the ground
seg2,5170,a dog laying in the grass with a stick
seg2,5180,a dog is laying in the grass with a stick
seg2,5190,a dog laying on the ground with its head down
seg2,5200,a dog laying on the ground with its head down
seg2,5210,a dog laying on the ground with its head down
seg2,5220,a dog is chewing on a stick in the grass
seg2,5230,a dog is laying down in the grass
seg2,5240,a dog laying on the ground with a stick in its mouth
seg2,5250,a dog laying on the ground with a stick in its mouth
seg2,5260,a dog laying on the ground with a stick in its mouth
seg2,5270,a dog laying on the ground with a stick in its mouth
seg2,5280,a dog laying on the ground with a stick in its mouth
seg2,5290,a dog laying on the ground with a stick in its mouth
seg2,5300,a dog laying on the ground with a stick in its mouth
seg2,5310,a dog is laying down in the grass
seg2,5320,a dog laying on the ground with a stick in its mouth
seg2,5330,a dog laying on the ground with a stick in its mouth
seg2,5340,a dog laying on the ground with a stick in its mouth
seg2,5350,a dog laying on the ground with its head in the ground
seg2,5360,a dog laying on the ground with its head on a dog
seg2,5370,a dog laying on the ground with its head on a ball
seg2,5380,a dog laying on the ground with its head on a stick
seg2,5390,a dog laying on the ground with its head on a ball
seg2,5400,a dog laying on the ground with its head on a ball
seg2,5410,a dog laying on the ground with its head on a dog
seg2,5420,a dog is laying on the ground with its head down
seg2,5430,a dog is eating grass in the grass
seg2,5440,a cow laying down in the grass
seg2,5450,a dog is laying down in the grass
seg2,5460,a dog is eating some food in the grass
seg2,5470,a bird is standing in the straw
seg2,5480,a bird is standing in the hay
seg2,5490,a bird standing on top of a pile of straw
seg2,5500,a bird is standing in the middle of a nest
seg2,5510,a bird is standing in the hay
seg2,5520,a bird is standing in the middle of a pile of straw
seg2,5530,a bird is standing in the hay
seg2,5540,a bird is standing in the hay with its head down
seg2,5550,a bird is standing on the straw in a barn
seg2,5560,a bird is standing on the straw in a barn
seg2,5570,a bird is standing on the straw in a barn
seg2,5580,a bird is standing on the straw in a barn
seg2,5590,a bird is standing on the straw in a barn
seg2,5600,a bird is standing on the ground in a barn
seg2,5610,a bird is standing in the hay next to a pile of hay
seg2,5620,a bird is standing in the hay next to a barn
seg2,5630,a bird is sitting on the straw in a barn
seg2,5640,a bird is standing in the hay next to a pile of hay
seg2,5650,a bird is standing on the straw in a barn
seg2,5660,a bird is standing on the straw in a barn
seg2,5670,a bird is standing on the ground in a barn
seg2,5680,a bird is standing in the straw
seg2,5690,a man in a red shirt is playing golf
seg2,5700,a man in a red shirt is playing golf
seg2,5710,a man in a red shirt is playing golf
seg2,5720,a man in a red shirt is playing golf
seg2,5730,a man in a red shirt is holding a white dog
seg2,5740,a man in a red shirt is talking on a cell
seg2,5750,a man in a red shirt is swinging a golf club
seg2,5760,a man in a red shirt is holding a golf club
seg2,5770,a man in a red shirt playing a flute
seg2,5780,a man in a red shirt is holding a stick
seg2,5790,a man in a red jacket and a woman in a black shirt
seg2,5800,a man in a red jacket is talking to someone
seg2,5810,a man in a red jacket is talking to another man
seg2,5820,a man in a red jacket is standing outside
seg2,5830,a man in a red jacket and a woman in a black jacket
seg2,5840,a group of people walking down a street
seg2,5850,a crowd of people walking down a street
seg2,5860,a group of people walking down a street
seg2,5870,people walking through an airport with luggage bags
seg2,5880,a group of people walking down a street
seg2,5890,people walking through an airport with luggage bags
seg2,5900,people walking through an airport with luggage bags
seg2,5910,people walking through an airport with luggage bags
seg2,5920,people walking through an airport with luggage bags
seg2,5930,people walking through an airport with luggage bags
seg2,5940,a group of people walking through an airport
seg2,5950,a group of people walking down a street with luggage
seg2,5960,a group of people walking down a street
seg2,5970,a group of people walking through an airport
seg2,5980,a group of people walking through an airport
seg2,5990,a woman in a red dress is walking through the airport
seg2,6000,a group of people walking around a train station
seg2,6010,a woman is walking through an airport with luggage
seg2,6020,a woman in a red dress is walking through an airport
seg2,6030,a woman in a red coat is walking through an airport
seg2,6040,a group of people walking through an airport
seg2,6050,a group of people walking through an airport
seg2,6060,a group of people walking through an airport
seg2,6070,a woman is walking through an airport with luggage
seg2,6080,a group of people walking through an airport
seg2,6090,a group of people walking through an airport
seg2,6100,a group of people walking through an airport
seg2,6110,people walking through an airport with luggage bags
seg2,6120,a group of people walking through an airport
seg2,6130,a group of people walking through an airport
seg2,6140,a group of people walking through an airport
seg2,6150,people walking through an airport with luggage bags
seg2,6160,a group of people walking down a street with luggage
seg2,6170,a man is walking through an airport with luggage
seg2,6180,a man is walking through an airport with luggage
seg2,6190,a man walking through an airport with luggage
seg2,6200,a group of people walking down a street
seg2,6210,a group of people walking down a street
seg2,6220,a group of people walking down a street
seg2,6230,a group of people walking down a street
seg2,6240,a group of people walking down a street
seg2,6250,a man walking down the street with luggage
seg2,6260,a group of people walking down a street
seg2,6270,a group of people walking through an airport
seg2,6280,a man walking through an airport with luggage
seg2,6290,a group of people walking down a street
seg2,6300,people walking down the street with luggage bags
seg2,6310,people walking down the street with luggage bags
seg2,6320,a group of people walking down a street
seg2,6330,a group of people walking down a street
seg2,6340,people walking down the street with their luggage
seg2,6350,people walking down the street with their luggage
seg2,6360,a group of people walking down a street
seg2,6370,a group of people walking down a street
seg2,6380,a group of people walking down a street
seg2,6390,a group of people walking down a street
seg2,6400,a group of people walking down a street
seg2,6410,a group of people walking down a street
seg2,6420,a group of people walking down a street
seg2,6430,a panda bear is standing in the grass
seg2,6440,a panda bear is eating a bamboo stick
seg2,6450,a panda bear is eating bamboo leaves
seg2,6460,a panda is eating a bamboo plant
seg2,6470,a panda bear is eating a bamboo leaf
seg2,6480,a panda bear is eating bamboo leaves
seg2,6490,a panda is standing in the grass
seg2,6500,a panda is eating in the tall grass
seg2,6510,a panda is eating in the grass
seg2,6520,a panda bear is eating some bamboo leaves
seg2,6530,a panda bear is eating bamboo leaves in the grass
seg2,6540,a panda bear is eating some bamboo leaves
seg2,6550,a white and black bird
seg2,6560,a panda is sitting in the bamboo tree
seg2,6570,a panda bear is eating bamboo leaves
seg2,6580,a panda is eating bamboo leaves in the zoo
seg2,6590,a panda is walking through the bamboo leaves
seg2,6600,a monkey is sitting in a tree
seg2,6610,a dog is walking on a path through the woods
seg2,6620,a white horse standing in a field of grass
seg2,6630,a group of birds are swimming in a pond
seg2,6640,a bird is sitting on a branch
seg2,6650,a man in the water
seg2,6660,a bird is swimming in the water
seg2,6670,a small bird is swimming in a pool
seg2,6680,a bird is swimming in a pool with water
seg2,6690,a bird is swimming in the water
seg2,6700,a bird is swimming in the water
seg2,6710,a man is swimming in the water
seg2,6720,a man in a swimming suit is in the water
seg2,6730,a small animal is sitting on a lily
seg2,6740,a small animal is standing in the water
seg2,6750,a small animal is sitting on a leaf
seg2,6760,a small bird is sitting on a leaf in the water
seg2,6770,a small bird is sitting on a leaf
seg2,6780,a bird is sitting on a leaf in the water
seg2,6790,a bear is standing in the water with lily leaves
seg2,6800,a bird is sitting on a lily in the water
seg2,6810,a small animal is standing in the water
seg2,6820,a monkey is standing in the water with its head in the water
seg2,6830,a squirrel is standing in the water with leaves
seg2,6840,a bird is standing in the water near a leaf
seg2,6850,a duck is swimming in the water
seg2,6860,a bird is sitting in the water
seg2,6870,a bird is standing in the water near a tree
seg2,6880,a large elephant standing in a field
seg2,6890,a bird is standing in the water near a plant
seg2,6900,a bird is standing in the water near a tree
seg2,6910,a bird is standing in the water near a plant
seg2,6920,a bird is standing in the water near a tree
seg2,6930,a group of birds are swimming in the water
seg2,6940,a bird is standing in the water near rocks
seg2,6950,a man is falling off a tree in the middle of a field
seg2,6960,a bear is in the water with a fish
seg2,6970,a person is holding a cell in their hand
seg2,6980,a person holding a cell in their hand
seg2,6990,a man in a brown jacket is holding a cell
seg2,7000,a man in a brown jacket is holding a cell
seg2,7010,a man in a brown shirt is holding a white object
seg2,7020,a man in a brown jacket is walking
seg2,7030,a man is standing on a ledge
seg2,7040,a man in a brown shirt is standing in the desert
seg2,7050,a man in a brown robe is holding a knife
seg2,7060,a person in a brown hoodie is holding a cell
seg2,7070,a man in a brown shirt
seg2,7080,a man in a yellow jacket
seg2,7090,a man and woman are dancing together
seg2,7100,a man in a brown jacket is standing in front of a mountain
seg2,7110,a man in a yellow shirt is holding his hand up
seg2,7120,a man in a yellow shirt is holding his hands up
seg2,7130,a man in a yellow shirt is holding his hand up
seg2,7140,a man with a white shirt
seg2,7150,a man in a yellow shirt is praying
seg2,7160,a man in a robe is holding his hands up
seg2,7170,a man in a robe is holding his hands up
seg2,7180,a man in a brown robe is holding his hands out
seg2,7190,a man in a brown shirt is standing in front of a window
seg2,7200,a woman in a brown shirt is standing in front of a wall
seg2,7210,a woman with a white shirt
seg2,7220,a person on skis
seg2,7230,a person in a white suit skiing down a hill
seg2,7240,a person in a white suit skiing down a hill
seg2,7250,a person in a white suit skiing down a hill
seg2,7260,a person in a white suit skiing down a hill
seg2,7270,a woman in a blue jacket and red pants skiing
seg2,7280,a woman in a blue jacket and red pants skiing
seg2,7290,a woman in a blue jacket skiing down a hill
seg2,7300,a woman in a blue ski suit
seg2,7310,a woman in a white suit skiing down a hill
seg2,7320,a woman in a blue jacket and white pants skiing
seg2,7330,a woman in a purple suit
seg2,7340,a woman in a purple suit is skiing
seg2,7350,a woman in a purple suit is skiing
seg2,7360,a woman in a purple jacket and skis
seg2,7370,a person in a purple jacket and hat on a snowboard
seg2,7380,a person in a purple jacket and goggles
seg2,7390,a person in a white jacket and ski gear
seg2,7400,a person in a white jacket and skis
seg2,7410,a person in a white jacket and skis
seg2,7420,a person in a white coat
seg2,7430,a person in a white jacket and ski gear
seg2,7440,a woman in a white jacket and pink ski pants
seg2,7450,a man in a blue jacket and pink helmet skiing
seg2,7460,a woman in a purple jacket and ski gear
seg2,7470,a woman in a purple jacket and ski gear
seg2,7480,a person on a snowboard in the snow
seg2,7490,a person on skis is standing in the snow
seg2,7500,a person on skis in the snow
seg2,7510,a person on a snowboard in the snow
seg2,7520,a person in a white suit is skiing
seg2,7530,a person in a white suit skiing down a hill
seg2,7540,a person in a white suit skiing down a hill
seg2,7550,a person in a white suit skiing down a hill
seg2,7560,a person on a snowboard in the snow
seg2,7570,a person on a snowboard in the snow
seg2,7580,a person on skis in the snow
seg2,7590,a person in a white suit is skiing
seg2,7600,a person in a white suit skiing down a hill
seg2,7610,a person in a blue suit is skiing
seg2,7620,a person in a blue jacket and pink pants skiing
seg2,7630,a person in a purple suit skiing down a hill
seg2,7640,a person in a blue suit skiing down a hill
seg2,7650,a person in a white suit and red skis
seg2,7660,a person in a white suit skiing down a hill
seg2,7670,a person in a white suit skiing down a hill
seg2,7680,a man in a suit and tie standing outside of a building
seg2,7690,a man in a black shirt standing in front of a building
seg2,7700,a man in a suit standing in front of a building
seg2,7710,a man in a suit and tie standing outside
seg2,7720,a man in a suit and tie standing outside
seg2,7730,a man in a suit and tie standing outside
seg2,7740,a man in a suit and tie standing outside
seg2,7750,a man in a suit and tie standing outside
seg2,7760,a man in a suit and tie standing outside
seg2,7770,a man in a suit and tie standing outside
seg2,7780,a man in a suit and tie standing outside
seg2,7790,a man in a suit and tie standing outside
seg2,7800,a man in a suit and tie standing outside a building
seg2,7810,a forest filled with lots of trees and plants
seg2,7820,a man is standing in the middle of a forest
seg2,7830,a man is walking through the forest
seg2,7840,a man is walking through the forest
seg2,7850,a man is walking through the forest
seg2,7860,a man is walking through the forest
seg2,7870,a forest with lots of trees and plants
seg2,7880,a man is walking through the forest
seg2,7890,a man is walking through the forest
seg2,7900,a man is walking through the forest
seg2,7910,a man is walking through the forest
seg2,7920,a man is walking through the forest
seg2,7930,a man riding a bike through a forest
seg2,7940,a man is walking through the forest
seg2,7950,a man is walking through the forest
seg2,7960,a man is walking through the forest
seg2,7970,a trail through the forest with lots of trees
seg2,7980,a trail through the forest with lots of trees
seg2,7990,a man is walking through the forest
seg2,8000,a trail through the forest with lots of trees
seg2,8010,a trail through the forest with lots of trees
seg2,8020,a trail through the forest with lots of trees
seg2,8030,a man walking through a forest filled with trees
seg2,8040,a man is walking through the forest
seg2,8050,a man walking through a forest filled with trees
seg2,8060,a trail through the forest with lots of trees
seg2,8070,a trail through the forest with lots of trees
seg2,8080,a trail through the forest with lots of trees
seg2,8090,a trail through the forest with lots of trees
seg2,8100,a trail through the forest with lots of trees
seg2,8110,a man is walking through the forest
seg2,8120,a man is walking through the forest
seg2,8130,a man riding a bike through a forest
seg2,8140,a man riding a bike through a forest
seg2,8150,a man riding a bike through a forest
seg2,8160,a man is walking through the forest
seg2,8170,a man riding a bike through a forest
seg2,8180,a man riding a bike down a trail
seg2,8190,a man riding a bike down a trail
seg2,8200,a man riding a bike through a forest
seg2,8210,a man riding a bike through a forest
seg2,8220,a man is walking through the woods
seg2,8230,a man is walking through the jungle
seg2,8240,a man is walking through the jungle
seg2,8250,a man riding a bike through a forest
seg2,8260,a man riding a bike through a forest
seg2,8270,a man riding a bike through a forest
seg2,8280,a man in a black jacket is walking through the jungle
seg2,8290,a man is walking through the jungle
seg2,8300,a man is walking through the woods
seg2,8310,a man is walking through the woods
seg2,8320,a large tree in the middle of a forest
seg2,8330,a large tree in the middle of a forest
seg2,8340,a man is walking through the woods
seg2,8350,a bench in the middle of a forest
seg2,8360,a man is walking through the woods
seg2,8370,a man is walking through the woods
seg2,8380,a man is walking through the woods
seg2,8390,a forest with lots of trees and leaves
seg2,8400,a man is walking through the woods
seg2,8410,a man is walking through the woods
seg2,8420,a man is walking through the woods
seg2,8430,a trail in the woods with trees and plants
seg2,8440,a trail in the woods with trees and plants
seg2,8450,a man is walking through the woods
seg2,8460,a man is walking through the woods
seg2,8470,a man is walking through the woods
seg2,8480,a woman in a red shirt
seg2,8490,a man in a red shirt
seg2,8500,a woman in a red vest and headphones
seg2,8510,a young girl in a red shirt and headphones
seg2,8520,a young girl wearing headphones
seg2,8530,a woman in a red shirt
seg2,8540,a woman in a red jacket is riding a horse
seg2,8550,a woman in a red jacket
seg2,8560,a man in a red jacket
seg2,8570,a man in a red shirt
seg2,8580,a man in a pink shirt is standing next to a woman
seg2,8590,a man in a red hat is standing on a skateboard
seg2,8600,a horse is standing in a crowd
seg2,8610,a man on a horse
seg2,8620,a man and woman kissing
seg2,8630,a man is riding a horse
seg2,8640,a man riding a horse
seg2,8650,a man riding a horse
seg2,8660,a man in a red shirt is standing on a tree
seg2,8670,a man in a red shirt is standing on a tree
seg2,8680,a man in a red jacket is on a cell phone
seg2,8690,a woman in a red shirt is standing next to a giant black dog
seg2,8700,a person is standing in front of a fire
seg2,8710,a man in a black shirt
seg2,8720,a woman in a red dress riding a horse
seg2,8730,a man in a red shirt riding a horse
seg2,8740,a man in a red shirt riding a horse
seg2,8750,a man riding on the back of a horse
seg2,8760,a man riding a horse in a street
seg2,8770,a man riding a horse in a street
seg2,8780,a man riding a horse in a street
seg2,8790,a man riding a horse
seg2,8800,a man riding a horse in a field
seg2,8810,a man in a red jacket is holding a knife
seg2,8820,a man in a red shirt is holding a microphone
seg2,8830,a man in a suit is holding a cell
seg2,8840,a man is standing in the street with his shirt on
seg2,8850,a man is standing on the sidewalk in front of a building
seg2,8860,a man is walking down the street in front of a building
seg2,8870,a man is walking down the street in front of a building
seg2,8880,a man is standing in front of a building
seg2,8890,a man is standing in front of a building
seg2,8900,a man is walking down the street in front of a building
seg2,8910,a man is walking in front of a building
seg2,8920,a man in white clothes is dancing on a stage
seg2,8930,a man in a white shirt is dancing
seg2,8940,a man in a white shirt and black pants
seg2,8950,a man in a white shirt
seg2,8960,a man in a white shirt is holding a dog
seg2,8970,a man and woman dancing on stage
seg2,8980,a man in a white shirt
seg2,8990,a man in a pink shirt
seg2,9000,a man and woman walking down a street
seg2,9010,a man in a red shirt and white pants
seg2,9020,a man and woman standing in front of a building
seg2,9030,a group of people standing around a building
seg2,9040,a man and woman are talking to each other people
seg2,9050,a group of people standing around a blackboard
seg2,9060,a group of people standing around a building
seg2,9070,a group of people standing around a man
seg2,9080,a group of people standing around a man
seg2,9090,a group of people standing around a man
seg2,9100,a woman in a red dress and a man in a white shirt
seg2,9110,a woman in a red dress is dancing
seg2,9120,a woman in a red dress is walking down the street
seg2,9130,a woman in a red dress is walking down the street
seg2,9140,a woman in a red dress is walking down the street
seg2,9150,a woman in a red dress is standing outside
seg2,9160,a woman in a red dress standing in front of a building
seg2,9170,a woman in a red dress is standing in front of a man
seg2,9180,a woman in a red dress standing next to a man
seg2,9190,a woman in a red dress standing in front of a building
seg2,9200,a woman in a red dress standing next to a man
seg2,9210,a woman in a red dress standing next to a man
seg2,9220,a woman in a red dress standing next to a man
seg2,9230,a woman in a red dress and a man in a white suit
seg2,9240,a woman in a red dress standing next to a statue
seg2,9250,a woman in a pink dress
seg2,9260,a man in a red shirt
seg2,9270,a man in a suit and tie standing in front of a black background
seg2,9280,a man in a suit and tie standing in front of a black background
seg2,9290,a man in a black shirt
seg2,9300,a group of people walking down a street
seg2,9310,a bear is walking down a street in the city
seg2,9320,a group of bears walking down a street
seg2,9330,a group of bears are walking in a street
seg2,9340,a group of bears are walking down a street
seg2,9350,a group of horses are walking down a street
seg2,9360,a man is riding a horse down a street
seg2,9370,a man riding a horse down a street
seg2,9380,a man riding a bear on a street
seg2,9390,a man is riding a bear in a zoo
seg2,9400,a horse is standing in a pen
seg2,9410,a man riding a horse in a barn
seg2,9420,a man riding a horse in a barn
seg2,9430,a man is standing in a barn with a horse
seg2,9440,a horse is standing in a barn with a man
seg2,9450,a horse is standing in the middle of a building
seg2,9460,a horse is standing in a barn with people
seg2,9470,a man is standing in front of a fire
seg2,9480,a group of people standing around a fire
seg2,9490,a man is standing in front of a fire
seg2,9500,a man is standing in front of a fire
seg2,9510,a man is standing in front of a fire
seg2,9520,a man is cooking food in a large pot
seg2,9530,a man is cooking in a kitchen with flames
seg2,9540,a man is standing in front of a fire
seg2,9550,a man is standing in front of a fire
seg2,9560,a man is standing in front of a fire
seg2,9570,a man in a black shirt is standing in front of a fire
seg2,9580,a man in a black jacket playing a guitar
seg2,9590,a man in a black jacket is standing in front of a fire
seg2,9600,a man is standing in front of a fire
seg2,9610,a woman is standing in front of a window
seg2,9620,a woman is standing in front of a man
seg2,9630,a woman is cooking food in a kitchen
seg2,9640,a man is cooking food in a kitchen
seg2,9650,a man is cooking food in a kitchen
seg2,9660,a man is cooking in a kitchen with a large pot
seg2,9670,a man is standing in front of a window
seg2,9680,a man is standing in front of a window
seg2,9690,a man is standing in front of a window
seg2,9700,a man is standing in front of a window
seg2,9710,a man sitting at a table with a laptop
seg2,9720,a man in a suit and hat is standing in front of a window
seg2,9730,a man is standing in front of a window
seg2,9740,a man is standing in front of a window
seg2,9750,a man is standing in front of a window
seg2,9760,a man is standing in front of a window
seg2,9770,a man in a suit
seg2,9780,a man in a suit
seg2,9790,a man in a suit and tie is standing in a doorway
seg2,9800,a man is standing in a doorway with a dog
seg2,9810,a man is standing in a doorway with a dog
seg2,9820,a man is standing in front of a window
seg2,9830,a man is standing in front of a building
seg2,9840,a man is standing in front of a window
seg2,9850,a man is standing in front of a window
seg2,9860,a man is standing in front of a door
seg2,9870,a man in a yellow robe is standing outside
seg2,9880,a woman in a yellow dress is seen through a window
seg2,9890,a group of people standing around a building
seg2,9900,a man is standing in front of a door
seg2,9910,a man is standing in front of a door
seg2,9920,a man is sitting at a table with a woman
seg2,9930,a man is sitting at a table with a microphone
seg2,9940,a man is seen in this image from the video
seg2,9950,a man is seen in this image from the video
seg2,9960,a man is standing in front of a table
seg2,9970,a group of people sitting around a table
seg2,9980,a group of people sitting around a table
seg2,9990,a group of people sitting around a table
seg2,10000,a group of people sitting around a table
seg2,10010,a group of people sitting around a table
seg2,10020,a group of people standing around a table
seg2,10030,a group of people standing around a table
seg2,10040,a man in a black shirt is standing in front of a crowd
seg2,10050,a group of people sitting around a table
seg2,10060,a man is sitting at a table with a microphone
seg2,10070,a man in a suit is standing in front of a crowd
seg2,10080,a man is standing in front of a crowd
seg2,10090,a man is standing in front of a crowd
seg2,10100,a man is sitting at a table with a bunch of people
seg2,10110,a man is standing in front of a crowd
seg2,10120,a man is seen in a video posted by the police
seg2,10130,a man is standing in front of a crowd
seg2,10140,a man in a hat is sitting at a table
seg2,10150,a man is sitting at a table with a microphone
seg2,10160,a man is sitting at a table with a microphone
seg2,10170,a man is seen in a video posted by the police
seg2,10180,a man in a black shirt is standing in front of a window
seg2,10190,a man is seen in a video posted by the police
seg2,10200,a man is seen in a video posted by the police
seg2,10210,a man is standing in front of a group of people
seg2,10220,a man is seen in a video posted by the police
seg2,10230,a man is seen in a video posted by the police
seg2,10240,a man is standing in front of a tv screen
seg2,10250,a blue flower is seen in this image
seg2,10260,a blue flower is seen in this still - unseen video
seg2,10270,a blue flower is in the middle of a black background
seg2,10280,a blue flower is seen in this still - unseen video
seg2,10290,a blue flower is seen in this still - unseen video
seg2,10300,a blue flower is seen in this still - unseen video
seg2,10310,a blue flower is seen in this still - unseen video
seg2,10320,a purple flower with a black background
seg2,10330,a purple flower with a black background
seg2,10340,a purple flower with a black background
seg2,10350,a purple flower with a black background
seg2,10360,a purple flower with a black background
seg2,10370,a purple flower with a black background
seg2,10380,a purple flower with a black background
seg2,10390,a pink flower with a black background
seg2,10400,a pink flower with a bee on it
seg2,10410,a pink flower in the middle of a dark room
seg2,10420,a pink flower in the middle of a dark room
seg2,10430,a bunch of pink roses in a dark room
seg2,10440,a bunch of pink roses in a dark room
seg2,10450,a bunch of pink roses
seg2,10460,a bunch of pink roses in a dark room
seg2,10470,a bunch of pink roses in a dark room
seg2,10480,a bunch of pink roses in a dark room
seg2,10490,a woman with a ponytail in her hair
seg2,10500,a woman with a ponytail in her hair
seg2,10510,a woman in a pink top and black shorts
seg2,10520,a woman in a pink top and black pants
seg2,10530,a woman in a pink top and black pants
seg2,10540,a woman in a purple sports bra top
seg2,10550,a woman in a purple sports bra top
seg2,10560,a woman in a pink bra bra bra bra bra bra bra bra bra bra bra bra bra bra
seg2,10570,a woman in a purple bra bra bra bra bra bra bra bra bra bra bra bra bra bra
seg2,10580,a woman in a purple sports bra top
seg2,10590,a woman in a purple sports bra top and black leggings
seg2,10600,a woman in a purple sports bra top and black leggings
seg2,10610,a woman in a pink sports bra top and black leggings
seg2,10620,a woman in a purple top and black shorts
seg2,10630,a woman in a purple bra bra bra bra bra bra bra bra bra bra bra bra bra bra
seg2,10640,a woman in a black shorts and a purple bra bra bra bra bra bra bra bra bra bra
seg2,10650,a woman in a black shorts and a purple top
seg2,10660,a woman in black shorts and a purple top
seg2,10670,a woman in a black shorts and a purple shirt
seg2,10680,a woman in black shorts and a white shirt
seg2,10690,a woman in black shorts and a white shirt
seg2,10700,a woman in a white bikini top and black shorts
seg2,10710,a woman in a white bikini top and black shorts
seg2,10720,a woman in a white bikini top and black shorts
seg2,10730,a woman in a white shirt and black shorts
seg2,10740,a person in a white shirt and black shorts
seg2,10750,a person standing on a white surface
seg2,10760,a person standing on a white surface
seg2,10770,a person standing on a white surface
seg2,10780,a person standing on a white surface
seg2,10790,a dining room with a table and chairs
seg2,10800,a dining room with a table and chairs
seg2,10810,a dining room with a table and chairs
seg2,10820,a dining room with a table and chairs
seg2,10830,a dining room with a table and chairs
seg2,10840,a dining room with a table and chairs
seg2,10850,a kitchen with a large island and a large window
seg2,10860,a kitchen with a large island and a large window
seg2,10870,a kitchen with a large island and a large window
seg2,10880,a kitchen with a large island and a large window
seg2,10890,a kitchen with a wooden counter top and a window
seg2,10900,a kitchen with a wooden counter top and a window
seg2,10910,a kitchen with a wooden counter top and a window
seg2,10920,a kitchen with a large island and a sink
seg2,10930,a kitchen with a large island and a sink
seg2,10940,a kitchen with a large island and a large window
seg2,10950,a kitchen with a large island and a large window
seg2,10960,a kitchen with a large island and a large window
seg2,10970,a kitchen with a sink and a mirror
seg2,10980,a man is putting something into a microwave
seg2,10990,a man is putting something into a microwave
seg2,11000,a man is standing in front of a coffee machine
seg2,11010,a man is standing in front of a coffee machine
seg2,11020,a man is standing in front of a coffee machine
seg2,11030,a kitchen with a stove and a microwave
seg2,11040,a kitchen with a microwave and a coffee maker
seg2,11050,a kitchen with a black stove and a black oven
seg2,11060,a bathroom with a sink and a mirror
seg2,11070,a kitchen sink with a large window in the background
seg2,11080,a kitchen sink with a large window in the background
seg2,11090,a kitchen with a sink and a window
seg2,11100,a kitchen sink with a large window in the background
seg2,11110,a kitchen sink sitting next to a window
seg2,11120,a kitchen sink sitting next to a window
seg2,11130,a kitchen with a sink and a window
seg2,11140,a kitchen sink sitting next to a window
seg2,11150,a kitchen with a sink and a window
seg2,11160,a kitchen with a sink and a window
seg2,11170,a kitchen with a sink and a large mirror
seg2,11180,a kitchen with a large red counter top
seg2,11190,a kitchen with a wooden counter top and a glass bowl on the island
seg2,11200,a kitchen with a wooden counter top and black cabinets
seg2,11210,a kitchen with a wooden counter top and black cabinets
seg2,11220,a kitchen with a wooden counter top and black cabinets
seg2,11230,a kitchen with a wooden counter top and black cabinets
seg2,11240,a kitchen with a wooden counter top and a glass vase
seg2,11250,a kitchen with a wooden counter top and a glass vase
seg2,11260,a young boy looking at a computer screen
seg2,11270,a young boy is staring at the camera
seg2,11280,a woman is looking at a man in the mirror
seg2,11290,a woman with a white shirt
seg2,11300,a woman with a white shirt and a red lipstick
seg2,11310,a woman with a pink shirt
seg2,11320,a woman with a red lipstick and a white shirt
seg2,11330,a young girl with a red lipstick looks at something
seg2,11340,a little girl is staring at something
seg2,11350,a young girl with a nose piercing
seg2,11360,a man with a hat on
seg2,11370,a woman with a white shirt and a yellow shirt
seg2,11380,a young girl is sitting on a couch
seg2,11390,a woman in a pink dress is talking to another woman
seg2,11400,a young girl is shown by a man who is holding her hands out
seg2,11410,a woman in a pink shirt is talking to another woman
seg2,11420,a woman with a pink hair is talking to another woman
seg2,11430,a woman in a blue dress is talking to a man
seg2,11440,a woman in a white shirt is talking to another woman
seg2,11450,a woman in a white shirt is talking to another woman
seg2,11460,a woman in a white shirt is talking to another woman
seg2,11470,a woman in a blue dress talking to another woman
seg2,11480,a woman in a white shirt is talking to a man
seg2,11490,a woman in a white shirt is talking to a man
seg2,11500,a woman in a white shirt is talking to another
seg2,11510,a woman in a white shirt is talking to another
seg2,11520,a woman in a white shirt is talking to another
seg2,11530,a woman in a white dress is talking to a man
seg2,11540,a woman in a white shirt and pink sweater
seg2,11550,a woman in a white shirt is talking to another
seg2,11560,a woman in a white dress is talking to a man
seg2,11570,a woman in a white shirt is talking to another
seg2,11580,a woman in a white dress is dancing
seg2,11590,a man is sitting in a car with his head down
seg2,11600,a woman in a pink shirt is sitting on a couch
seg2,11610,a woman in a pink dress is looking at another
seg2,11620,a woman in a pink dress is talking to another
seg2,11630,a woman in a pink dress is talking to another
seg2,11640,a woman in a pink dress is talking to another
seg2,11650,a woman in a pink dress is talking to another
seg2,11660,a woman in a pink shirt is talking to another
seg2,11670,a woman in a pink shirt is talking to another
seg2,11680,a woman in a pink shirt is talking to another
seg2,11690,a woman in a pink jacket talking to another woman
seg2,11700,a woman in a pink jacket is talking to another woman
seg2,11710,a woman in a pink shirt is talking to another
seg2,11720,a woman in a pink shirt is talking to another
seg2,11730,a woman in a pink shirt is talking to another
seg2,11740,a woman in a pink shirt is talking to another
seg2,11750,a woman in a pink shirt is talking to another
seg2,11760,a man is flying through the air with a kite
seg2,11770,a person is pointing at something on the table
seg2,11780,a person holding a wii game controller
seg2,11790,a person is holding a cell phone
seg2,11800,a woman in a pink shirt is talking to another
seg2,11810,a woman in a black dress is talking to another
seg2,11820,a woman in a pink shirt is talking to another
seg2,11830,a woman in a white shirt and pink hair
seg2,11840,a woman with a pink hair and a black top
seg2,11850,a woman with a pink hair and a black top
seg2,11860,a woman in a white shirt is talking to another
seg2,11870,a woman with a pink hair and a white shirt
seg2,11880,a woman in a white shirt and a pink hair
seg2,11890,a woman in a blue dress is talking to another woman
seg2,11900,a woman with a pink hair and a blue shirt
seg2,11910,a woman in a blue dress is talking to another woman
seg2,11920,a woman in a blue dress is talking to another
seg2,11930,a woman in a blue dress is talking to another woman
seg2,11940,a woman in a blue dress is looking at a man
seg2,11950,a woman in a blue dress is standing in front of a mirror
seg2,11960,a woman in a blue dress standing in front of a mirror
seg2,11970,a woman in a blue dress is talking to another
seg2,11980,a woman in a blue dress is standing in front of a mirror
seg2,11990,a woman in a blue dress is standing in front of a mirror
seg2,12000,a man is holding a cell phone
seg2,12010,a woman is cutting a piece of cake
seg2,12020,a woman in a pink shirt is dancing
seg2,12030,a woman in a pink jacket is standing next to a man
seg2,12040,a woman in a pink shirt and a man in a blue shirt
seg2,12050,a woman in a pink shirt is standing in a room
seg2,12060,a man in a blue shirt is standing in front of a tv screen
seg2,12070,a woman in a white shirt is standing in front of a mirror
seg2,12080,a man in a blue shirt is standing in front of a mirror
seg2,12090,a man in a blue shirt is dancing
seg2,12100,a woman in a blue dress is dancing
seg2,12110,a woman is dancing in a room with a man
seg2,12120,a woman in a white dress is dancing
seg2,12130,a young man is standing in a room
seg2,12140,a young boy is smoking a cigarette
seg2,12150,a woman with long black hair and a purple top
seg2,12160,a woman with long black hair and a purple top
seg2,12170,a woman with long black hair and a purple shirt
seg2,12180,a woman with long black hair and a purple shirt
seg2,12190,a woman with long black hair is smiling
seg2,12200,a woman with long black hair is smiling
seg2,12210,a woman with long black hair is smiling
seg2,12220,a woman with long black hair and a purple dress
seg2,12230,a woman with long black hair and a purple shirt
seg2,12240,a woman with long black hair and a purple top smiles at the camera
seg2,12250,a woman with long black hair and a purple top smiles while she holds her hands up
seg2,12260,a woman with long black hair and a purple top smiles at the camera
seg2,12270,a woman with long black hair and a purple top smiles at the camera
seg2,12280,a woman with long black hair and a purple top smiles at the camera
seg2,12290,a woman with long black hair and a purple top
seg2,12300,a woman with long black hair and a purple top smiles at the camera
seg2,12310,a woman with long black hair and a purple top smiles at the camera
seg2,12320,a woman with long black hair and a purple top
seg2,12330,a woman sitting on a bed looking out the window
seg2,12340,a woman sitting on a bed in front of a window
seg2,12350,a woman sitting on a bed in front of a window
seg2,12360,a woman sitting on a bed in front of a window
seg2,12370,a woman sitting on a bed in front of a window
seg2,12380,a woman sitting on a bed looking out the window
seg2,12390,a woman sitting on a bed looking out the window
seg2,12400,a woman sitting on a bed with a dog
seg2,12410,a woman sitting on a bed looking out the window
seg2,12420,a woman sitting on a bed looking out the window
seg2,12430,a woman sitting on a bed looking out the window
seg2,12440,a woman sitting on a bed looking out the window
seg2,12450,a woman sitting on a bed looking out the window
seg2,12460,a woman sitting on a bed looking out the window
seg2,12470,a woman sitting on a couch looking out the window
seg2,12480,a woman sitting on a couch looking out the window
seg2,12490,a woman sitting on a couch looking out the window
seg2,12500,a woman in a black dress
seg2,12510,a woman in a black dress standing next to a man
seg2,12520,a woman in a black dress is talking to a man
seg2,12530,a woman in a black dress talking to a man
seg2,12540,a woman in a black dress
seg2,12550,a woman in a black dress is talking to a man
seg2,12560,a woman in a black dress
seg2,12570,a man in a white shirt
seg2,12580,watch and share the best moments from the bachelor
seg2,12590,watch and share gi gi gi gi gi gi gi gi gi gi gi gi gi gi gi gi
seg2,12600,watch and share the first clip from < - - - - - - - - - - -
seg2,12610,watch and share the best moments from < - - - - - - - - - - -
seg2,12620,a man in a white shirt sitting at a table
seg2,12630,a man in a white shirt sitting at a table
seg2,12640,watch and share the best moments from < - - - - - - - - - - -
seg2,12650,watch and share the best scene from the movie's first trailer
seg2,12660,a woman in a black dress
seg2,12670,a woman in a black dress
seg2,12680,a woman sitting at a table
seg2,12690,a woman in a black dress talking to another woman
seg2,12700,a woman in a black dress talking to another woman
seg2,12710,a woman in a black dress talking to another woman
seg2,12720,a woman in a black dress talking to another woman
seg2,12730,a woman in a black dress sitting at a table
seg2,12740,a man in a white shirt
seg2,12750,watch and share gi gi gi gi gi gi gi gi gi gi gi gi gi gi gi gi
seg2,12760,watch and share gi gi gi gi gi gi gi gi gi gi gi gi gi gi gi gi
seg2,12770,a woman in a black dress is talking to a man
seg2,12780,a woman in a black dress is talking to a man
seg2,12790,a woman in a black dress is talking to a man
seg2,12800,a man and woman sitting at a table
seg2,12810,a man and woman sitting at a table
seg2,12820,a woman sitting at a table with a man in the background
seg2,12830,a woman in a black dress is smiling and talking
seg2,12840,a woman in a black dress is talking to another
seg2,12850,a man sitting down
seg2,12860,watch and share the first clip from < - - - - - - - - - - -
seg2,12870,a man in a white shirt sitting at a table
seg2,12880,a man and woman sitting at a table
seg2,12890,a man and woman sitting at a table
seg2,12900,watch and share the first clip from < - - - - - - - - - - -
seg2,12910,a man in a white shirt is talking to another man
seg2,12920,a man in a white shirt
seg2,12930,watch and share the first clip from < - - - - - - - - - - -
seg2,12940,watch and share the first clip from < - - - - - - - - - - -
seg2,12950,a woman sitting in a chair talking to another woman
seg2,12960,a woman sitting at a table with a glass of wine
seg2,12970,a woman sitting at a table with a man
seg2,12980,a woman in a black dress talking to a man
seg2,12990,a woman in a black dress talking to another woman
seg2,13000,a woman in a black dress talking to another woman
seg2,13010,a woman in a black dress talking to another woman
seg2,13020,two little girls sitting on a couch eating food
seg2,13030,two young girls sitting on a couch looking at a laptop
seg2,13040,a little girl is sitting on a couch
seg2,13050,a young girl is sitting in a chair with her mother
seg2,13060,a woman and a child are sitting on a couch
seg2,13070,a little girl is sitting in a chair with her mother
seg2,13080,two little girls are eating food together
seg2,13090,two young girls sitting on a couch eating food
seg2,13100,a little girl is licking her nose with her mother
seg2,13110,a little girl is getting her nose brushed
seg2,13120,a little girl is eating food on a table
seg2,13130,a young girl is kissing her mother
seg2,13140,a woman is putting her nose to a little girl
seg2,13150,a woman is holding a baby in her arms
seg2,13160,a woman in an apron is smiling and making something
seg2,13170,a woman in an apron is smiling and holding a plate
seg2,13180,a woman is smiling and holding a cup
seg2,13190,a woman in a brown jacket is talking to another
seg2,13200,a woman is standing in front of a window
seg2,13210,a woman is sitting at a table with a plate of food
seg2,13220,a woman is sitting at a table with a plate of food
seg2,13230,a woman is sitting at a table with a plate of food
seg2,13240,a woman is sitting at a table with a plate of food
seg2,13250,a woman in black shorts and a white tank top
seg2,13260,a woman in a white tank top and black shorts
seg2,13270,a woman in a white tank top and black shorts
seg2,13280,a woman in a white tank top and black shorts
seg2,13290,a woman in a white tank top and black shorts
seg2,13300,a woman in a white shirt and black shorts
seg2,13310,a woman in a white tank top and black shorts
seg2,13320,a woman in a white shirt and black shorts
seg2,13330,a woman in a white tank top and black pants
seg2,13340,a woman in a white shirt and black pants
seg2,13350,a woman in a white shirt and black pants
seg2,13360,a woman in a white shirt and black pants
seg2,13370,a woman in a white dress standing in the dark
seg2,13380,a woman in a white shirt and black pants
seg2,13390,a woman in a white shirt and black pants
seg2,13400,a woman in a white shirt and black pants
seg2,13410,a woman in a white shirt and black pants
seg2,13420,a woman in a white shirt and black pants
seg2,13430,a woman in a white shirt and black pants
seg2,13440,a woman in a white shirt and black pants
seg2,13450,a woman in a white shirt and black pants
seg2,13460,two men in suits and hard hats are looking at a tablet
seg2,13470,two men in suits and hard hats are looking at something
seg2,13480,two men in suits and hard hats are standing on a construction site
seg2,13490,two men in suits and hats are looking at something
seg2,13500,two men in hard hats and suits are talking
seg2,13510,two men in suits and hard hats are talking on a cell
seg2,13520,two men in suits and hard hats are talking on a cell
seg2,13530,two men in suits and hard hats are talking on a cell
seg2,13540,two men in suits and hard hats talking on a cell
seg2,13550,two men in suits and hard hats are talking on a cell
seg2,13560,two men in suits and hard hats are talking on a cell
seg2,13570,two men in suits and hard hats are looking at a tablet
seg2,13580,two men in suits and hard hats are talking on a cell
seg2,13590,two men in suits and hard hats are talking on a cell
seg2,13600,two men in suits and hard hats are talking on a cell
seg2,13610,two men in suits and hard hats are talking on a cell
seg2,13620,two men in suits and hard hats are talking on a cell
seg2,13630,two men in suits and hats are talking on a cell
seg2,13640,two men in suits and hard hats are talking on a cell
seg2,13650,two men in suits and hard hats are talking on a cell
seg2,13660,two men in suits and hats are talking on their cell phones
seg2,13670,two men in suits and hats talking on a cell
seg2,13680,two men in suits and hats are talking on their cell phones
seg2,13690,two men in suits and hats are talking on their cell phones
seg2,13700,two men in suits and hats are talking on their cell phones
seg2,13710,two men in suits and hats are talking on a cell
seg2,13720,two men in suits and hats are talking on their cell phones
seg2,13730,two men in suits and hats talking on a cell
seg2,13740,two men in suits and hats are talking on a cell
seg2,13750,two men in suits and hats are standing on a boat
seg2,13760,two men in suits and hats are standing on a boat
seg2,13770,a man in a suit and hat is sitting on a bench
seg2,13780,a man in a white hat and black jacket sitting on a bench
seg2,13790,a black bear walking through a forest
seg2,13800,a black bear walking through a forest
seg2,13810,a black bear walking through a forest
seg2,13820,a black bear walking through a forest
seg2,13830,a black bear walking on a rocky mountain
seg2,13840,a black bear walking through a forest
seg2,13850,a black bear walking on a rocky beach
seg2,13860,a black bear with a pink umbrella
seg2,13870,a black bear with a pink flag on its back
seg2,13880,a black bear standing next to a pink flag
seg2,13890,a black bear walking on a rocky trail
seg2,13900,a black bear walking on a rocky path
seg2,13910,a black bear walking on a rocky trail
seg2,13920,a black bear walking on a rocky mountain
seg2,13930,a black bear walking through a rocky area
seg2,13940,a black bear walking on a rocky mountain
seg2,13950,a black bear walking across a forest
seg2,13960,a black bear walking in the woods
seg2,13970,a black bear walking through a forest
seg2,13980,a black bear walking across a rocky area
seg2,13990,a black bear standing on top of a rock
seg2,14000,a black bear walking on a rocky road
seg2,14010,a black bear walking on a gravel road
seg2,14020,a black bear walking on a gravel road
seg2,14030,a black bear walking on a gravel road
seg2,14040,a black bear walking across a gravel road
seg2,14050,a black bear walking across a gravel road
seg2,14060,a black bear walking across a gravel road
seg2,14070,a black bear walking across a gravel road
seg2,14080,a black bear walking across a gravel road
seg2,14090,a black bear walking across a gravel road
seg2,14100,a black bear walking across a rocky area
seg2,14110,a black bear walking across a rocky road
seg2,14120,a train track with a bunch of weeds growing on it
seg2,14130,a train track with rocks and grass on it
seg2,14140,a train track with rocks and grass on it
seg2,14150,a train track with rocks and grass on it
seg2,14160,a train track with rocks and grass on it
seg2,14170,a man is walking on the tracks
seg2,14180,a person is walking on a train track
seg2,14190,a person walking on a train track
seg2,14200,a person is running on a train track
seg2,14210,a person walking on train tracks
seg2,14220,a person walking on a train track
seg2,14230,a person walking on train tracks
seg2,14240,a person walking on a train track
seg2,14250,a person walking on train tracks
seg2,14260,a person walking on a train track
seg2,14270,a person walking on a train track
seg2,14280,a person walking on a train track
seg2,14290,a person walking on a train track
seg2,14300,a man running on a train track
seg2,14310,a man walking on a train track
seg2,14320,a man is walking on a train track
seg2,14330,a person is running on a train track
seg2,14340,a man is running on a train track
seg2,14350,a man is walking on a train track
seg2,14360,two people walking on train tracks
seg2,14370,two people walking on train tracks
seg2,14380,a group of people walking on train tracks
seg2,14390,two people walking on a train track
seg2,14400,a man is walking on a train track
